{
    "terrain": {
        "scale": 128,
        "textureSize": 4096,
        "tiles": 4,
        "bounds": {
            "minlat": -3120620.722744624,
            "minlon": -14235445.875135176,
            "maxlat": -1023468.7227446241,
            "maxlon": -12138293.875135176
        },
        "height": 2595.0
    }
}