{
    "terrain": {
        "scale": 8,
        "textureSize": 2048,
        "tiles": 1,
        "bounds": {
            "minlat": -5123017.058919596,
            "minlon": -1021840.1506976215,
            "maxlat": -5106633.058919596,
            "maxlon": -1005456.1506976215
        },
        "height": 69.49150848388672
    }
}