{
    "terrain": {
        "scale": 8,
        "textureSize": 2048,
        "tiles": 1,
        "bounds": {
            "minlat": -5147823.2800486935,
            "minlon": -1012314.0922986597,
            "maxlat": -5131439.2800486935,
            "maxlon": -995930.0922986597
        },
        "height": 1485.9561309814453
    }
}