{
    "terrain": {
        "scale": 8,
        "textureSize": 4096,
        "tiles": 2,
        "bounds": {
            "minlat": -4660196.379199423,
            "minlon": -1038599.548227687,
            "maxlat": -4594660.379199423,
            "maxlon": -973063.548227687
        },
        "height": 324.7422847747803
    }
}